[
  {
    "empId": 1001,
    "empName": "Amruta Kilache",
    "empLocation": "Maharashtra",
    "empDesignation": "Associate Consultant"
  },
  {
    "empId": 1002,
    "empName": "Pratik Bhuta",
    "empLocation": "Gujrat",
    "empDesignation": "Associate Consultant"
  },
  {
    "empId": 1003,
    "empName": "Santosh",
    "empLocation": "Bihar",
    "empDesignation": "Senior Consultant"
  },
  {
    "empId": 1004,
    "empName": "Himanshu Mishra",
    "empLocation": "UttarPradesh",
    "empDesignation": "Senior Software Engineer"
  },
  {
    "empId": 1005,
    "empName": "Bhavesh Doshi",
    "empLocation": "Gujrat",
    "empDesignation": "Manager"
  },
  {
    "empId": 1006,
    "empName": "Nilesh Awaghad",
    "empLocation": "Maharashtra",
    "empDesignation": "Senior Consultant"
  }
]
